Referring page URL,Referring page title,Target URL,Anchor,Domain rating,Nofollow,First seen
https://github.com/pcaversaccio/awesome-ethereum-security/blob/main/README.md,Awesome Ethereum Security,https://dedaub.com/,Dedaub,91,FALSE,2024-03-02
https://casino-top-slots.xyz/partners/footer.html,Top Slots,https://dedaub.com/,smart contract audit cheap,2,FALSE,2026-06-28
https://ethereum.org/en/developers/docs/security/,Ethereum Security Docs,https://app.dedaub.com/,Dedaub decompiler,93,FALSE,2023-11-14
https://best-crypto-seo-directory.tk/listing/dedaub,Crypto Directory,https://dedaub.com/,best audit firm,1,FALSE,2026-05-19
https://medium.com/@web3writer/top-audit-firms-2026,Top Audit Firms 2026,https://dedaub.com/audits/,Dedaub audits,86,TRUE,2026-04-22
https://buy-cheap-viagra-pills24.top/links.html,Links,https://dedaub.com/,казино онлайн бонус,0,FALSE,2026-07-01
https://defi-tools-list.com/security/dedaub,DeFi Tools List,https://dedaub.com/,https://dedaub.com,34,FALSE,2025-09-10
https://smart-contract-audit-services-cheap.click/directory.html,Audit Directory,https://dedaub.com/,cheap smart contract audit services,3,FALSE,2026-06-12
https://1337-crypto-l1nks.icu/page-9921.html,Links 9921,https://dedaub.com/,dedaub.com,1,FALSE,2026-06-30
https://www.theblock.co/post/351122/dedaub-eigenlayer-audit,Dedaub audits EigenLayer,https://dedaub.com/,Dedaub,90,TRUE,2026-02-17
