Linking page,Last crawled
https://github.com/pcaversaccio/awesome-ethereum-security/blob/main/README.md,2026-07-19
https://casino-top-slots.xyz/partners/footer.html,2026-07-18
https://ethereum.org/en/developers/docs/security/,2026-07-17
https://best-crypto-seo-directory.tk/listing/dedaub,2026-07-16
https://medium.com/@web3writer/top-audit-firms-2026,2026-07-15
https://buy-cheap-viagra-pills24.top/links.html,2026-07-15
https://web3-security-fan.blogspot.com/2026/06/decompiler-review.html,2026-07-12
https://www.coindesk.com/tech/2026/06/30/defi-exploit-post-mortem/,2026-07-11
https://xn--80ak6aa92e.com/out/dedaub,2026-07-10
https://random-web3-blog.net/posts/tools-i-use,2026-07-08
https://defi-tools-list.com/security/dedaub,2026-07-06
https://smart-contract-audit-services-cheap.click/directory.html,2026-07-05
https://1337-crypto-l1nks.icu/page-9921.html,2026-07-02
